theta0,theta1
0.9392980302239488,-1.0035205786061454